Name,Brand,Price
UA 트윌 밴딩 반바지 오프화이트,유니어패럴,"34,000원
                19,900원"
버뮤다 빈티지 데님 워시드 블루,엘무드,"98,000원
                88,200원"
땀복 숏 팬츠 블랙,핫슈트,"21,000원"
블레이드 베이직 하프 팬츠(블랙),에이치 블레이드,"42,000원
                9,900원"
BGH 원 포켓 골덴 반바지 5color,칙스,"61,900원
                31,800원"
Pleats skirt Pants (for Women)_L5KCW22021BKX,골든베어,"138,000원
                77,280원"
Woven Patched Golf Sweat Shorts (for women)_G5PAM23022NYX,골든베어,"98,000원
                54,880원"
KA-G 언노운애슬릿 로고 쇼츠 (3 color),카키그라도,"49,000원"
BDU Ripstop Shorts Pants - Olive,와이엠씨엘케이와이,"89,000원
                71,200원"
325-ACP 드라이 하프 팬츠 블랙,글리머,"13,000원"
Crop Tweed Set-up Pants [ Charcoal ],트리밍버드,"179,000원"
스포츠클럽 스웻쇼츠,크로스드레슬리,"54,000원
                34,000원"
LACE-UP BIKER SHORTS BLACK,유희,"79,000원
                63,200원"
애슬릿 쇼츠 (블랙/화이트),라임라잇 어패럴,"45,000원"
dot track shorts (black),오헤시오,"79,000원
                71,100원"
ZL 맨즈 에어쿨링 스포츠 메쉬 팬츠 반바지 2PACK,시글락,"54,900원
                11,900원"
라운지 헤비 스웨트 하프 팬츠 (블랙),윌리워 스튜디오,"68,000원
                20,400원"
소다쇼츠,유니핏,"55,000원
                9,900원"
Camouflage Layered Zip Up Pants [KHAKI],아조바이아조,"266,000원"
카펜터 루즈핏 데님 숏팬츠 브러쉬 블루,비에스래빗,"89,000원"
Carpenter Sweat Shorts Grey,에스피오나지,"76,000원
                53,000원"
INDIGO CARGO HALF PANTS_FQ2KP80U,펜필드,"89,000원"
팀라이즈 트레이닝 쇼츠(65733603) 남자 반바지,푸마,"24,000원
                21,600원"
HERITAGE JUNGLE SHORTS / 4 COLOR,빅유니온,"89,000원
                62,300원"
원턱 코튼 하프 팬츠 (W)_블랙,데이,"49,900원
                38,900원"
3891047-1 스포츠 트레이닝 하의 메탈 그레이,켈미,"33,000원
                18,000원"
엔지니어드 숏 팬츠,몰든,"39,000원
                35,100원"
투인원 보더리스 우먼즈 3부 팬츠,콘치웨어,"65,000원
                38,900원"
[무료반품] 피브비 패치 데님 스커트팬츠,피브비,"163,000원
                114,100원"
(College Campaign)클래식 져지 쇼츠 (예일네이비),알브이디,"94,800원
                66,360원"
GOTHIC TWILL BERMUDA PANTS CHARCOAL,크리틱,"99,000원"
"3/25 배송
                  [설쁘(@mulbada) 착용] 로즈 니트 팬츠_그레이",위드아웃썸머,"67,000원"
[무료반품] RR LOGO NYLON SHORTS WHITE,레스트앤레크레이션,"108,000원"
심볼 머슬핏 3부 쇼츠 [블랙],터틀백,"28,000원"
"MOTORCYCLE LEATHER SHORTS, BLACK",보헤미안 서울,"128,000원"
4CUT WOVEN PANTS_32YD4121,미즈노,"49,000원"
P3213 데일리숏팬츠_3부[블랙],피지컬가먼츠,"51,500원
                36,000원"
[설쁘(@mulbada) 착용] TIED HALF PANTS (BLACK),시눈,"118,000원"
G 쇼츠 Chino,그라미치,"89,000원
                84,500원"
42283 루즈핏 워크쇼츠 Black,디키즈,"55,000원"
[ONLY OUTLET] 1941 컴패스 와펜 반바지 (JN6TSU905) 2 Color,지프,"59,000원
                19,900원"
코튼 원턱 버뮤다 팬츠 23SPT03,나인제트,"49,000원
                42,900원"
ALL OVER SWEATSHORTS BLACK,캐롯츠,"158,000원
                47,400원"
NBNVE21053 / UNI 에센셜 핀턱 5부 반바지 (CREAM),뉴발란스,"69,900원"
(산리오캐릭터즈) 뽀짝 잠옷 하의_SPMAD49U01,스파오,"29,900원
                19,900원"
버뮤다 벨티드 새틴 생지 데님 쇼츠 INDIGO,웨스트 그랜드 블러바드,"64,000원
                44,800원"
[패키지] 나일론 카고 쇼츠_7color,어반디타입,"78,000원
                49,000원"
듀러블 버뮤다 팬츠 (인디고),어반스터프,"59,000원
                53,100원"
"3/14 배송
                  헤비 치노 와이드 버뮤다 팬츠 (베이지)",노이어,"140,000원
                126,000원"
산소 와이드 하프 팬츠,템플,"45,000원
                42,000원"
다트 버뮤다 데님 하프팬츠 썸머샌드,오더아카이브,"98,000원
                68,600원"
"3/13 배송
                  컷 오프 데님 쇼츠 블랙",팔렛,"89,000원"
AQO BEAR WAFFLE SHORTS MELANGE,아코스튜디오스페이스,"49,000원
                24,500원"
[무료반품] NS6NP03A 스터닝 쇼츠,노스페이스,"89,000원
                62,300원"
[2PACK] Ver.2 클래식밴딩반바지 9종 2PACK KHSP0427,다이클레즈,"71,000원
                35,900원"
SS 로프 버뮤다 팬츠_다크블루,인템포무드,"87,000원
                69,600원"
클럽 엠브로이드 에센셜 쇼츠 - 블랙,에프씨엠엠,"25,000원
                22,500원"
XP157 팁 스티치 버뮤다 코튼 쇼츠 팬츠 (BLACK),엑스톤즈,"55,000원
                49,500원"
트리코트 에어쿨러 스탠다드핏 A로고 반바지 블랙,아키클래식,"29,000원
                24,900원"
[2PACK]부스트 5인치 숏 팬츠,웨이든,"99,800원
                59,900원"
GP052 실린더 버뮤다 팬츠 (OLIVE),글랙,"69,000원
                62,100원"
ACTIVE HALF PANTS [BLACK],본투윈,"69,000원"
와이드 버뮤다 포켓팬츠 (카모),피스오브마인드,"95,000원
                59,000원"
[무료반품][23%추가적립] 스트레치 클래식핏 하이킹 쇼츠 - 베이지,폴로 랄프 로렌,"159,000원
                111,300원"
플로우 데일리 8부 반바지 4컬러,허그본,"40,000원
                36,000원"
MATIN NYLON DOLPHIN SHORTS IN BLACK,마뗑킴,"78,000원"
Daily Banding Squat Pants [White],볼란테,"99,000원
                89,100원"
드라이액션™ 2in1 7-inch 쇼츠 [블랙],무신사 스탠다드 스포츠,"48,900원
                46,460원"
오너먼트 핀턱 버뮤다 팬츠 [BLACK] / WBC3L12502,제너럴아이디어,"52,000원
                45,000원"
원 턱 버뮤다 슬랙스_브라운,매드마르스,"98,000원
                19,600원"
프라그먼츠 버뮤다 팬츠,논플로어,"129,000원
                89,000원"
"3/27 배송
                  프로토 개버딘 마이크로 숏츠 - 블랙",배드블러드,"89,000원"
Classic Symbol Panel Banding Short Pants [MELANGE GREY],로씨로씨,"69,000원
                48,300원"
slub bermuda denim shorts indigo washed,로드 존 그레이,"129,000원
                32,250원"
Spark Denim Shorts(BLUE),메인부스,"119,000원
                79,900원"
인시전 바이커 스커트 팬츠(블랙),허그유어스킨,"89,000원"
스텝 쇼츠 반바지,인스테이,"22,900원"
WASHING CARGO HALF PANTS (UNISEX) VINTAGE BEIGE,나체,"208,000원"
딥턱 와이드 버뮤다 카고 반바지 [블랙],바운더리,"99,000원
                35,900원"
컴뱃 쿨링 하프팬츠V2 (블랙),나인티플러스,"38,900원"
UP-394 턱주름 데님쇼츠 중청,언노운 플라넷,"62,000원
                55,800원"
스몰 로고 카고 쇼츠_터키블루,1993스튜디오,"49,000원
                34,300원"
[ZB1 24 SP 컬렉션] 케이블 니트 와이드 하프 팬츠_오트밀,로맨틱크라운,"72,000원"
포인트 로고 엠보 원턱 스웨트 반바지 버뮤다 팬츠  [블랙],챔브로스,"39,000원
                28,800원"
루즈핏 쇼츠-라이트그레이,슈퍼서브,"42,000원
                32,000원"
투인원 서포트 쇼츠,짐브로,"79,800원
                51,900원"
"3/22 배송
                  Overdyed set up pants - BLACK",우알롱,"49,000원"
"3/20 배송
                  피그먼트 버뮤다 숏 팬츠 [아이보리]",머슬암드,"88,000원
                74,800원"
버뮤다 핀턱 오버핏 하프팬츠 2colors,라이크더모스트,"65,800원
                24,900원"
페인터 버뮤다 쇼트 팬츠[라이트그레이],시그니처,"59,000원
                15,900원"
FATIGUE DENIM SHORTS BEIGE,비슬로우,"79,000원
                19,750원"
골지 마이크로 쇼츠_블랙,크랭크,"47,000원"
Nylon Big Pocket Wide Shorts - Khaki,낫포너드,"49,000원
                39,000원"
여성 요가복 DEVI-B0061-블랙 필라테스 비비아나 골지 쇼츠,데비웨어,"20,000원
                18,000원"
버뮤다 데님 하프팬츠 라이트블루 FSP110,플루크,"85,000원
                54,800원"
"4/15 배송
                  [ONLY OUTLET] STANDARD COTTON SHORTS PANTS 2PACK SET",디폴트벨류,"118,000원
                29,900원"
[2PACK] 트레이닝 스웨트 숏 팬츠 - 3Color,에스이에스티,"68,000원
                34,900원"
[2PACK] 원턱 하프 스웻 팬츠,토피,"78,000원
                46,800원"
Cotton Boxer Pants Navy Pinstripe,스컬프터,"39,000원
                35,100원"
TECH SWEAT 릴렉스드 반바지,플래니트,"54,800원
                36,900원"
버뮤다 와이드 팬츠,제이엘브,"59,000원
                48,000원"
여성 애슬래틱 새틴 쇼츠 팬츠 - 루즈 제라늄 / 2P521164I27GE,셀린느,"1,400,000원
                324,000원"
ODBC 립스탑 카모 버뮤다 카고 쇼츠,오드볼스클럽,"68,000원"
G CLASSIC RIB SHORTS (BLACK),글로니,"58,000원"
CAMO LACE BERMUDA SWEATPANTS [KHAKI],셋업이엑스이,"132,000원"
메인로고 웨일 쇼츠 5 color,에이치덱스,"39,000원
                33,150원"
윈드 브레이커 쇼츠 블랙,커버낫,"49,000원
                34,300원"
[ONEMILE WEAR] NYLON RELAXED FIT CARGO SHORTS VTG PINK,예일,"49,000원
                24,500원"
베니쉬 우븐 2in1 벤트 쇼츠 1376783-001,언더아머,"79,000원
                55,300원"
"4/3 배송
                  [젤라비(@j876my) 착용] Cutting half denim pants - middle blue",썸웨어버터,"83,000원"
카펜터 버뮤다 데님 팬츠 W_블랙,누아클레,"95,000원
                76,000원"
와이드 6부 버뮤다 반바지 [차콜],발리안트,"79,200원
                39,600원"
바이탈 우먼즈 쇼츠,리액티파이,"47,000원
                18,000원"
바이오워싱 카펜터 버뮤다 팬츠_라이트블루,디미트리블랙,"54,900원
                37,900원"
컴포터블 린넨 원 턱 버뮤다 팬츠 (베이지),피아네르,"76,900원
                29,900원"
로턴 올 데이 트랙 쇼츠 캐비어 블랙,세터,"129,000원
                96,750원"
"4/18 배송
                  버나드 7907 카펜터 릴렉스핏 그레이 쇼츠팬츠",맥우드건,"76,000원
                53,200원"
linen easy fatigue short pants black,유니폼브릿지,"79,000원
                15,800원"
BASKETBALL SHORTS (BLACK),위캔더스,"129,000원
                90,300원"
[2PACK] 볼륨 카고 버뮤다 팬츠 2PACK SJSP1410,페플,"85,700원
                49,800원"
원턱 버뮤다 스웨트 반바지 - 멜란지그레이,엠오오,"41,000원
                32,800원"
디펜스 카모 숏팬츠 반바지 MUVSP002-CM,매스노운,"49,000원
                44,100원"
R Shorts,로코로코,"49,000원
                24,500원"
[2pack] 린넨 핀턱 하프팬츠 SET,톤즈,"79,900원
                24,900원"
에센셜 원턱 데님 쇼츠 딥블루,이에스엔,"49,000원
                39,200원"
SWEAT SHORTS MARCHE EMBLEM_OATMEAL BLACK,마르디 메크르디,"59,000원
                56,050원"
액티브 러닝 쇼츠 - Black,토런스,"51,000원
                32,800원"
"4/5 배송
                  러프컷 하프 팬츠 / 크림",오호스,"158,000원"
[SHORTS] Lily Jeans,판도라핏,"63,000원"
Running 쇼츠 - 블랙 / HA1043,리복,"39,000원
                23,400원"
퀵드라이 하프 팬츠,썸앤핏,"19,400원
                17,400원"
[2PACK] 미니멀 트레이닝 essential 반바지,브렌슨,"44,800원
                33,900원"
배드민턴 라켓 마스코트 커플 로고 기능성 남성반바지 CS4001,메스타리,"55,000원
                41,250원"
트레이닝 4부 반바지 밴딩 숏팬츠 MENS TRAINING SHORTS [2컬러],에버라스트,"19,900원"
와이드 워싱 커팅 데님 하프 팬츠 흑청,굿라이프웍스,"49,800원
                34,800원"
[2PACK] BASIC HALF PANTS (13COLOR) [LRAMCPH701M],그루브라임,"56,000원
                39,000원"
코듀로이 쇼츠 (U23BBPT13),언리미트,"54,000원
                9,900원"
텐셀 밴딩 나일론 카고 하프팬츠_카키,위베리벨류,"49,000원
                39,200원"
사이드 파이핑 벌룬 쇼츠 블랙,써치410,"49,000원
                24,500원"
네트워크 피그먼트 버뮤다 팬츠 (애쉬 블루),척,"72,000원
                36,000원"
Mixed Pocket Half Pants [Gray],타입서비스,"85,000원
                72,250원"
[UNISEX] DESIRED UTILITY SHORTS-ACSU2512E0M,데시레드,"69,000원
                19,900원"
스웨트 쇼츠_블랙,게인스보로,"49,000원
                23,900원"
여성요가복 볼드 튤립 쇼츠 5PP3535,모어아웃,"35,000원
                27,000원"
코넬 스웻 하프 팬츠_(4 colors),얼킨 캔버스,"59,000원
                31,800원"
워터프루프 멀티 쇼츠 반바지,사우나랩스,"55,000원
                13,500원"
PLEATS PANTS SKIRT(BLACK),어글리쉐도우,"89,000원
                62,300원"
"3/26 배송
                  [INNER SET]ORGANZA FRILLED SHORTS",오버듀플레어,"199,000원"
CORDUROY BUTTON BERMUDA PANTS_IVORY,하드코어 해피니스,"73,000원
                21,900원"
베이직 로고 우븐 숏 팬츠 오렌지,오드랭귀지,"57,000원
                12,900원"
메탈릭 유틸리티 쇼츠 (BLACK),앳 더 모먼트,"52,000원
                9,800원"
스톤 워싱 데님 쇼츠 블루,파르티멘토,"32,200원
                25,800원"
[Summer Ver.]라이트 웨더 데일리 쇼츠_Sea Blue,라퍼지스토어,"38,000원
                15,900원"
UA 트윌 밴딩 반바지 연베이지,유니어패럴,"34,000원
                19,900원"
[2PACK] 플레시 썸머 원턱 하프팬츠 8종 2PACK SOSP2483,제멋,"69,900원
                43,900원"
에어스트레치 쇼츠_블랙 트레이닝,어프레쉬,"52,000원
                29,000원"
"3/22 배송
                  8부 데님 버뮤다팬츠 - 딥블루",이지노이지,"75,000원
                45,000원"
버뮤다 퍼티그 카고 데님 팬츠 블랙,꼼파뇨,"86,000원
                55,900원"
프리미엄 세미와이드 카고 쇼트,세븐셀라,"59,000원
                37,900원"
우먼즈 더블 니트 스웨트 쇼츠 [블랙],무신사 스탠다드,"26,900원"
카펜터 루즈핏 트레이닝 숏팬츠 블랙,크림소다랩,"69,000원
                34,500원"
버뮤다 원턱 하프 팬츠[블랙],유앤엘씨,"53,000원
                13,500원"
YESEYESEE x Dickies Loose Fit Flat Front Work Shorts 13 Charcoal,예스아이씨,"89,000원
                84,500원"
데님 퍼티그 쇼츠 인디고 로우,리,"69,000원
                48,300원"
캠프 윈드브레이커 러닝 쇼츠 블랙,레이지비,"49,000원
                23,900원"
[Woman]버뮤다 와이드 밴딩 팬츠_White,라퍼지 포 우먼,"54,000원
                17,900원"
슬랍워싱 버뮤다 데님팬츠 (블랙),어널러코드,"65,000원
                45,500원"
Edition1. 3턱 벌룬핏 버뮤다 트레이닝 숏팬츠(6col),어텐션로우,"79,000원
                55,300원"
Crown Swim Short Blue Green,디스이즈네버댓,"75,000원
                37,500원"
Deep One Tuck Sweat Shorts [Grey],제로,"32,000원"
MUFC 숏 팬츠 - 블루 / IP5549,아디다스,"59,000원
                39,900원"
버뮤다 와이드 원턱 스웨트 쇼츠 [블랙],어게인스트 올 오즈,"38,000원
                17,800원"
우븐 버뮤다 와이드 원턱 팬츠(5col),웬즈데이오아시스,"30,000원
                18,000원"
투턱 쇼츠(차콜),노티카,"65,000원
                19,500원"
버뮤다 스티치 데님 팬츠(BLUE),프라이,"82,000원
                57,400원"
[US] Champion로고 6인치 나일론 숏팬츠 (NORMAL NAVY) CKPA3E018N2,챔피온,"69,000원
                41,400원"
PHYPS® STAR TAIL BEACH SHORTS BLACK,피지컬 에듀케이션 디파트먼트,"39,000원
                27,900원"
레인 슬럽 투턱 버뮤다 데님 쇼츠 (INDIGO),트릴리온,"38,000원
                29,800원"
프로 스트레치 에센셜 쇼츠 - 블랙,에프씨엠엠 스포츠,"39,000원
                37,000원"
[2PACK] 코튼 베이직 숏팬츠 12color,엔피스튜디오,"75,000원
                34,900원"
"3/15 배송
                  Classic Two turk cotton short pants_Black",틸 아이 다이,"68,000원"
원턱 사이드 절개 피그먼트 버뮤다 팬츠 차콜,가까이 유니언즈,"43,000원
                34,400원"
[무료반품] NEU 데님 쇼츠_중청,레테르코모,"41,200원
                37,000원"
"3/20 배송
                  Wide Cargo Half Denim Pants - 2COL",어반드레스,"51,000원
                43,350원"
[2-PACK]트래블러 쇼츠_써머패키지,트래블,"110,000원
                35,900원"
CHECK CARGO SHORTS KHAKI,프렌다,"69,000원
                9,660원"
투턱 버뮤다 에드 데님 쇼츠_4 COLOR,키뮤어,"41,900원
                39,900원"
FATIGUE SHORT PANTS_BEIGE,아웃스탠딩,"59,000원
                29,500원"
스포츠 메시 하프 팬츠_블랙(IK2DMMPA61A),이스트쿤스트,"79,000원
                55,300원"
[SET][기본핏+레귤러핏 선택] 소프트 코튼 에센셜 쇼츠,코드그라피,"71,900원
                45,900원"
기모 원턱 무지 버뮤다팬츠,르바세,"59,000원
                39,900원"
캐주얼 데님 버뮤다 와이드 쇼츠 팬츠,플레이스 스튜디오,"48,000원
                29,900원"
여성용 오알 베이직 니트 치마바지 [브라운],오언더알,"89,000원"
에센셜 숏 팬츠 - 블랙 / FR7977,아디다스,"49,000원
                29,900원"
Marge lounge shorts [Grey],카노,"169,000원
                152,100원"
카펜터 버뮤다 스웨트 8부 팬츠 블랙,필립페이커,"69,000원
                39,900원"
[SUSTAINABLE] 테크니컬 바이오 매쉬 쇼츠,플래니트,"52,000원
                7,900원"
투 포켓 쇼츠_라이트 그레이,배드인배드,"72,000원
                10,800원"
LAH2 BANDING SHORTS(BEIGE),라티젠옴므,"64,000원"
WASHED NYLON EASY SHORTS_BLACK,씨오큐,"32,000원
                8,000원"
Side Flap shorts - Dark Gray (FL-223),플레어업,"79,000원
                69,700원"
베이지 액티브 숏츠,코디갤러리,"29,900원
                14,900원"
FLC Edw Sweatshorts_YELLOW,페어라이어 클럽,"98,000원
                68,600원"
크림 데님 버뮤다 밴딩팬츠 (크림베이지),페프스튜디오,"119,000원
                71,400원"
XP155 러블 나일론 데님 버뮤다 팬츠 (CREAM),엑스톤즈,"66,000원
                59,400원"
DOUBLE BELT LINE MINI SKIRT,보헤미안 서울,"78,000원"
라운지 헤비 스웨트 하프 팬츠 (아이보리),윌리워 스튜디오,"68,000원
                20,400원"
EYELET SHORTS WHITE,유희,"59,000원
                56,050원"
Cargo bermuda shorts / Camo,카락터,"108,000원"
3 FRILL SHORTS_NAVY,에스이오,"48,000원"
"3/28 배송
                  BAGGY HALF PANTS (UNISEX) CHARCOAL",나체,"148,000원
                140,600원"
Packable Hiking Shorts Dust Blue,에스피오나지,"86,000원
                60,000원"
[일꼬르소X미즈노] 워시드 데님 반바지 블루 IEPA4E702B2,일꼬르소,"109,000원
                98,000원"
카고 데님 쇼츠_SPTNE24C05,스파오,"39,900원"
트랩 반바지 - 블랙,락케이크,"49,000원
                14,700원"
[무료반품] NS6NP04A 윌슨 쇼츠,노스페이스,"95,000원
                66,500원"
Daily Banding Squat Pants [Black],볼란테,"99,000원
                89,100원"
42283 루즈핏 워크쇼츠 Khaki,디키즈,"55,000원"
벡터 플래시 쇼츠 (W) - 화이트:네이비,리복,"69,000원
                62,100원"
BERMUDA CARGO PANTS / BLACK,셋업이엑스이,"116,000원"
"3/22 배송
                  버뮤다 벨티드 새틴 생지 데님 쇼츠 BLACK INDIGO",웨스트 그랜드 블러바드,"64,000원
                44,800원"
CLUB VENHIT 쇼트 팬츠,벤힛,"36,800원
                28,900원"
버뮤다 스웨트팬츠 (그레이),어널러코드,"48,000원
                38,400원"
베이퍼 쿨링 하프팬츠,나인티플러스,"39,000원"
WIDE CHINO SHORTS_BEIGE,아웃스탠딩,"59,000원
                41,300원"
루즈핏 쇼츠-네이비,슈퍼서브,"42,000원
                32,000원"
자카드 라인 버뮤다_아이보리,매드마르스,"71,000원
                10,650원"
스웨트 쇼츠_그레이,게인스보로,"49,000원
                23,900원"
피그먼트 트윈 버뮤다 팬츠 차콜,논플로어,"112,000원
                79,000원"
데님 투턱 카펜터 팬츠_인디고_SP135,어반디타입,"65,000원
                59,000원"
에센셜 밴딩 숏팬츠 (sky blue),피아네르,"63,900원
                9,900원"
비욘드 소프트 버뮤다 팬츠 - 챠콜,배드블러드,"76,000원"
디스트로이드 워싱 데님 쇼츠_블루(IK2DSMD160A),이스트쿤스트,"79,000원
                51,300원"
썸머 버뮤다 카고 팬츠[블랙],시그니처,"51,000원
                13,900원"
테크니컬 러닝 쇼츠 [블랙],무신사 스탠다드 스포츠,"37,900원"
Nylon Big Pocket Wide Shorts - Black,낫포너드,"49,000원
                39,000원"
플로우 데일리 7부 반바지 6컬러,허그본,"38,000원
                34,200원"
골지 마이크로 쇼츠_차콜,크랭크,"47,000원"
스몰 로고 카고 쇼츠_블랙,1993스튜디오,"49,000원
                34,300원"
gurkha short trouser grey,로드 존 그레이,"139,000원
                30,900원"
[박규영 착용] 로턴 올 데이 트랙 쇼츠 리조트 크림,세터,"129,000원
                96,750원"
Signature summer half pants - BLACK,우알롱,"56,000원"
포인트 로고 엠보 원턱 스웨트 반바지 버뮤다 팬츠 [그레이],챔브로스,"39,000원
                28,800원"
"4/3 배송
                  Double cable knit pants - navy",썸웨어버터,"78,000원"
"3/20 배송
                  피그먼트 버뮤다 숏 팬츠 [블랙]",머슬암드,"88,000원
                74,800원"
와이드 6부 버뮤다 반바지 [블랙],발리안트,"79,200원
                39,600원"
윈드브레이커 쇼츠 블랙,커버낫,"65,000원
                45,500원"
BASKETBALL SHORTS (NAVY),위캔더스,"129,000원
                90,300원"
에어스트레치 쇼츠 7color_트레이닝,어프레쉬,"52,000원
                29,000원"
Cotton Boxer Pants Pink Plaid,스컬프터,"39,000원
                35,100원"
바이오워싱 카펜터 버뮤다 팬츠_블랙,디미트리블랙,"54,900원
                37,900원"
버뮤다 데님 하프팬츠 블루 FSP110,플루크,"85,000원
                54,800원"
우먼스 버뮤다 스웨트 쇼츠 3 color,에이치덱스,"52,000원
                41,600원"
"3/25 배송
                  레인 슬럽 투턱 버뮤다 데님 쇼츠 (BLACK)",트릴리온,"38,000원
                29,800원"
바이탈 우먼즈 투인원 쇼츠 숏타이츠 세트,리액티파이,"71,000원
                28,000원"
G CLASSIC RIB SHORTS (CHARCOAL),글로니,"58,000원"
플레이 럽 쇼츠 3.0 1344552-001,언더아머,"45,000원
                40,500원"
FAUX LEATHER SHORTS LACE_BROWN,마르디 메크르디,"98,000원
                93,100원"
"3/22 배송
                  VTG 워시드 스웨트 쇼츠 차콜",파르티멘토,"56,100원
                44,900원"
[2PACK] 미니멀 트레이닝 essential 원턱 반바지,브렌슨,"49,800원
                38,900원"
Deep One Tuck Sweat Shorts [Black],제로,"32,000원"
Strap Trimming Cargo Pants [Black],타입서비스,"108,000원
                97,200원"
버뮤다 와이드 원턱 스웨트 쇼츠 [그레이],어게인스트 올 오즈,"38,000원
                17,800원"
"4/18 배송
                  버나드 7907 넌페이드 카펜터 릴렉스핏 그린캐스트 쇼츠팬츠",맥우드건,"76,000원
                53,200원"
linen easy fatigue short pants sand,유니폼브릿지,"79,000원
                15,800원"
[UNISEX] DESIRED TECH CARGO SHORTS-ACSU2514E0V,데시레드,"69,000원
                19,900원"
딥 턱 버뮤다 데님팬츠 - 2 COLOR,톤즈,"63,000원
                29,900원"
[2장 세트] 베이직 트레이닝 반바지,레이지비,"118,000원
                39,900원"
와이드 투턱 데님 하프 팬츠  빈티지 라이트 인디고,굿라이프웍스,"49,800원
                34,800원"
"4/5 배송
                  러프컷 하프 팬츠 / 그레이",오호스,"158,000원"
스웨트 쇼츠 [블랙],무신사 스탠다드,"26,900원"
우븐스판 쇼츠(블루),노티카,"45,000원
                40,500원"
Corduroy two turk short pants_Black,틸 아이 다이,"79,000원"
WOR STRENGTH 쇼츠 - 블랙 / HI2252,리복,"49,000원
                29,400원"
OTR E 3S SHORT IT1513,아디다스,"59,000원"
여성요가복 바스락 튤립 쇼츠 5PP3532,모어아웃,"32,000원
                25,000원"
"3/15 배송
                  YESEYESEE x Dickies Loose Fit Flat Front Work Shorts 13 Greige",예스아이씨,"89,000원
                84,500원"
[패키지]버뮤다 원턱 하프 팬츠[2color],유앤엘씨,"105,900원
                31,500원"
[2PACK] 노즈 텐셀코튼 투턱 버뮤다 숏팬츠 8종 2PACK KJSP2480,제멋,"56,900원
                35,900원"
스냅 8부 스웨트 버뮤다팬츠 - 블랙,이지노이지,"51,200원
                35,300원"
버뮤다 원턱 하프 팬츠_MidNight Blue,라퍼지스토어,"45,000원
                19,800원"
버뮤다 카고 숏 팬츠,크림소다랩,"79,000원
                59,250원"
타이다이 버뮤다 투턱 쇼츠 데님 워시드블루,꼼파뇨,"90,000원
                45,000원"
원턱 스웨트 버뮤다 카고팬츠 카키,가까이 유니언즈,"42,000원
                33,600원"
[Woman]버뮤다 와이드 밴딩 팬츠_Light Beige,라퍼지 포 우먼,"54,000원
                17,900원"
스톤카고포켓밴딩쇼츠(4col),웬즈데이오아시스,"24,000원
                17,280원"
포시즌 시그니처 스트레치 쇼츠 - 포레스트그린,에프씨엠엠 스포츠,"39,000원
                37,050원"
Edition1. Row 로고 2턱 워시드 벌룬핏 버뮤다 숏팬츠(6col),어텐션로우,"79,000원
                55,300원"
Crown Swim Short Olive,디스이즈네버댓,"75,000원
                37,500원"
[SET][기본핏+레귤러핏 선택] 크리스피 나일론 쇼츠 -13컬러,코드그라피,"68,000원
                39,900원"
버뮤다 스티치 데님 팬츠(INDIGO),프라이,"82,000원
                57,400원"
카펜터 버뮤다 스웨트 8부 팬츠 오트밀,필립페이커,"69,000원"
"3/29 배송
                  워크샵 TR 카고 쇼츠 오프 화이트",트래블,"59,000원
                39,900원"
여성용 오알 베이직 니트 치마바지 [블랙],오언더알,"89,000원"
[무료반품] 3S 새틴 쇼츠 - 블루 / IT9874,아디다스,"55,000원"
택티컬 숏 팬츠,2몽키,"48,000원"
WASHED NYLON EASY SHORTS_GREEN,씨오큐,"32,000원
                8,000원"
콘 데님 플리츠 쇼츠 (블루),쿠어,"120,000원
                108,000원"
워싱 데님 쇼츠 - 블루,블랙아스터비,"79,000원
                39,500원"
Washing Denim Bermuda Pants Black,오가프,"89,000원
                39,900원"
어보브 더 핀즈 쇼츠 - 샌드,버즈 오브 콘도르,"148,000원
                88,800원"
[24SS] LKS23362 라이트블루 테이퍼드핏 데님 하프팬츠,리버클래시,"126,000원
                119,700원"
썸머 코튼 쇼츠 데님 (아이보리),엣드맹,"89,000원"
에센셜 로고 폰테 쇼츠 MHPESBC01ET,엠씨엠,"370,000원"
케이든 아기 바지,해피프린스,"22,000원"
남성 파리 쇼츠 팬츠 - 블랙 / FD55PA7674ME99J,겐조,"405,000원
                268,000원"
[대학러닝리그 X FCMM] 에센셜 쇼츠,러너블,"39,000원"
EYELET SHORTS RED,유희,"59,000원
                56,050원"
XP155 러블 나일론 데님 버뮤다 팬츠 (BLUE),엑스톤즈,"66,000원
                59,400원"
Light Roadrunner Shorts Dust Blue,에스피오나지,"96,000원
                86,000원"
비건 레더 버뮤다 팬츠 BLACK,인사일런스 우먼,"124,000원
                117,000원"
컴팩트 남성 투인원 숏츠 블랙,레이지비,"60,000원
                34,900원"
42283 루즈핏 워크쇼츠 Charcoal,디키즈,"55,000원"
BORN UTD HALF PANTS LONG VER [BLACK],본투윈,"84,000원"
버뮤다 원턱 하프 팬츠[베이지],유앤엘씨,"53,000원
                13,500원"
BUTTON FLY MINI SHORTS (WHITE),글로니,"48,000원"
프리미엄 세미와이드 카고 쇼트 [카키],세븐셀라,"59,000원
                37,900원"
와이드 쇼트 팬츠[블랙],시그니처,"41,000원
                15,900원"
팀 스포츠 하이 스트레치 9-inch 쇼츠 [블랙],무신사 스탠다드 스포츠,"45,900원"
리벳 버뮤다 팬츠_크림,크랭크,"128,000원"
"3/15 배송
                  아헨 울 블렌드 트위드 하프 팬츠 리조트 블랙",세터,"149,000원
                134,100원"
[무료반품][23%추가적립] 볼보이 애슬레틱 쇼츠 - 네이비,폴로 랄프 로렌,"159,000원"
드라이 숏팬츠 5컬러,허그본,"35,000원
                29,700원"
매시브 23 숏 팬츠[블랙],머슬암드,"77,000원
                65,000원"
"3/27 배송
                  프로토 개버딘 마이크로 숏츠 - 스트라이프/챠콜",배드블러드,"89,000원"
시티 이스케이프 숏 팬츠 - 믹스 / IC3730,아디다스,"69,000원
                48,300원"
fair belted denim shorts grey,로드 존 그레이,"129,000원
                30,900원"
와이드 6부 버뮤다 반바지 [화이트],발리안트,"79,200원
                39,600원"
SWEAT SHORTS MARCHE EMBLEM_NAVY CREAM,마르디 메크르디,"59,000원
                56,050원"
에어스트레치 쇼츠_라이트그레이 트레이닝,어프레쉬,"52,000원
                29,000원"
워시드 카고 하프팬츠 - 5 COLOR,톤즈,"47,000원
                22,900원"
Casper PJ Shorts Ghost Sheer,스컬프터,"59,000원
                50,150원"
핀턱 와이드 버뮤다 팬츠 블랙,파르티멘토,"40,900원
                24,710원"
Edition1. 4턱 와이드 버뮤다 트레이닝 반바지 (다크 그레이),어텐션로우,"85,000원
                59,500원"
Strap Trimming Cargo Pants [Gray],타입서비스,"108,000원
                97,200원"
버뮤다 와이드 원턱 스웨트 쇼츠 [화이트 멜란지],어게인스트 올 오즈,"38,000원
                17,800원"
액티브 쇼츠 8 color,에이치덱스,"49,000원
                39,200원"
Nylon Deep One Tuck Shorts [4 Colors],제로,"36,000원
                32,400원"
플레이업 5인치 반바지 1355791-001,언더아머,"49,000원
                44,100원"
페이크 랩 스커트 팬츠 - 블랙,로에일,"70,000원
                56,000원"
[SHORTS] Hill Black,판도라핏,"43,000원"
[2PACK] 링크 투턱 카고 숏팬츠 5종 2PACK KJSP2484,제멋,"75,500원
                38,900원"
og m51 short pants ivory,유니폼브릿지,"99,000원
                19,800원"
"4/5 배송
                  러프컷 하프 팬츠 / 차콜",오호스,"158,000원"
밴딩 비치 트렁크 화이트,유니어패럴,"32,000원
                17,900원"
Pertex® Almighty Shorts Multi,예스아이씨,"69,000원
                34,500원"
미니멀 트레이닝 essential 원턱 반바지,브렌슨,"27,800원
                22,900원"
버뮤다 하프 스타 데님 팬츠 블랙,꼼파뇨,"92,000원
                59,800원"
플라워 7955 페이드워시 그레이 버뮤다 쇼츠팬츠,맥우드건,"69,000원
                55,200원"
와이드 원턱 워시드 데님 쇼츠 딥인디고,굿라이프웍스,"45,000원
                35,800원"
원턱 스웨트 버뮤다 카고팬츠 그레이,가까이 유니언즈,"42,000원
                33,600원"
유틸리티 쇼츠 [블랙],무신사 스탠다드,"29,900원"
딥 원턱 스웨트 버뮤다 반바지_3color,코드그라피,"44,000원
                34,900원"
에어 썸머 바스락 하프팬츠 5PP603,모어아웃,"32,000원
                25,000원"
카펜터 버뮤다 스웨트 8부 팬츠 그레이,필립페이커,"69,000원
                39,900원"
Crown Swim Short Navy,디스이즈네버댓,"75,000원
                37,500원"
"3/22 배송
                  8부 데님 버뮤다팬츠 - 라이트블루",이지노이지,"75,000원
                45,000원"
AUTHENTIC SHORTS(AUTHENTIC PURPLE),프라이,"39,000원
                9,750원"
버뮤다 원턱 하프 팬츠_White,라퍼지스토어,"45,000원
                19,800원"
Heart Chino Shorts Pink,썬러브,"209,000원
                104,500원"
UNISEX 에브리데이 나일론 밴딩 반바지(8col),웬즈데이오아시스,"24,400원
                17,568원"
[SET] 프로 스트레치 에센셜 쇼츠 2PACK,에프씨엠엠 스포츠,"78,000원"
[무료반품] 3S 새틴 쇼츠 - 그린 / IR6095,아디다스,"55,000원"
"3/29 배송
                  워크샵 TR 카고 쇼츠 블랙",트래블,"59,000원
                39,900원"
7수 린넨 이지하프 - 베이지,언터치드,"35,000원"
배색 라인 트랙 팬츠 블랙,아워세이아워,"36,000원
                32,400원"
원턱 라이트 데님 숏 팬츠,유니온발란트,"69,000원"
와이드 스트라이프 베이직쇼츠 옐로우네이비,발란트,"52,000원
                41,600원"
원턱 워싱 데님 반바지 (2color),바잘,"72,000원
                50,400원"
MENS HALF DENIM PANTS,더발론,"116,000원"
남성 폭스 헤드 패치 스윔 쇼츠 팬츠 - 블랙 / IM03101WA0016P198,메종 키츠네,"184,500원
                119,000원"
FIVE FLAP POCKET SHORTS (PINK),더뮤지엄비지터,"229,000원"
BERMUDA CARGO PANTS / OFF WHITE,셋업이엑스이,"116,000원"
Low Rise Half Denim Pants [ Raw ],트리밍버드,"149,000원"
퍼포먼스 밴딩 하프팬츠BK,크리브나인,"288,000원"
커브 파이핑 쇼츠 / 그레이,오호스,"138,000원"
미니멀 트레이닝 essential 반바지,브렌슨,"25,800원
                19,900원"
GOTHIC TWILL BERMUDA PANTS BLACK,크리틱,"99,000원"
CHROME B LOGO HALF PANTS SHORT VER [MELANGE GREY],본투윈,"79,000원"
42283 루즈핏 워크쇼츠 Dark Navy,디키즈,"55,000원"
CARGO HALF DENIM - BLUE,모어댄파라다이스,"160,000원
                144,000원"
히든 포켓 아웃도어 쇼츠 네이비,디써티원,"49,000원
                19,600원"
레인 슬럽 투턱 버뮤다 데님 쇼츠 (BLUE),트릴리온,"38,000원
                29,800원"
드라이액션™ 5-inch 쇼츠 (브리프 내장) [블랙],무신사 스탠다드 스포츠,"37,900원
                36,010원"
레전드 3S 바스켓볼 쇼츠 IU2432,아디다스,"39,000원"
[SET]매시브 23 셋업 [블랙],머슬암드,"168,000원
                143,000원"
비욘드 소프트 보이 숏츠 - 챠콜,배드블러드,"45,000원"
골지 마이크로 쇼츠_카키,크랭크,"47,000원"
"3/15 배송
                  가봉 데님 버뮤다 팬츠 인디고 블루",세터,"149,000원"
G CLASSIC SOFT SHORTS (BLACK),글로니,"55,000원"
SWEAT SHORTS MARCHE EMBLEM NEEDLEWORK_NAVY VIOLET,마르디 메크르디,"59,000원
                56,050원"
커넥션 로고 스웨트 쇼츠 [그레이],어게인스트 올 오즈,"38,000원
                15,800원"
[무료반품][23%추가적립] 클래식 핏 폴로 데님 프렙스터 - 블루,폴로 랄프 로렌,"239,000원"
캠프심볼로고밴딩쇼츠(5col),웬즈데이오아시스,"19,000원
                11,400원"
논페이드 원턱 버뮤다 팬츠 (BG),톤즈,"94,000원
                19,900원"
Basal 5 Pockets Denim Shorts Bleached Indigo,예스아이씨,"79,000원
                39,500원"
버나드 4907 카고 릴렉스핏 오프화이트 쇼츠팬츠,맥우드건,"72,000원
                57,600원"
Deep One Tuck Sweat Shorts [White Grey],제로,"32,000원"
론치 엘리트 5인치 쇼츠 1376509-001,언더아머,"69,000원
                48,300원"
로맨틱90 피그먼트 버뮤다 카고팬츠 애쉬 퍼플,가까이 유니언즈,"53,000원
                42,400원"
밀리터리 웨일 쇼츠,에이치덱스,"42,000원
                37,800원"
스타크 테크 쇼츠_블랙,코드그라피,"34,000원
                22,100원"
버뮤다 원턱 하프 카펜터 팬츠_MidNight Blue,라퍼지스토어,"49,000원
                19,800원"
와이드 컷팅 하프 데님 팬츠 블랙,굿라이프웍스,"49,800원
                34,800원"
AUTHENTIC SHORTS(WARM GREY),프라이,"39,000원
                9,750원"
나일론 이지 쇼츠_7.5인치 [블랙],무신사 스탠다드,"29,900원"
스냅 8부 스웨트 버뮤다팬츠 - 그레이,이지노이지,"51,200원
                35,300원"
숏 팬츠 - 퍼플 / IA6449,아디다스,"45,000원
                29,900원"
워크샵 테이프 스웨트-쇼츠 마젠타,트래블,"59,000원
                39,900원"
퍼티그 우븐 쇼츠 (네이비) CV232BHP02_NVY,커버낫 키즈,"49,000원
                34,300원"
남성 하우게 스윔 쇼츠 팬츠 - 딥 씨 그린 / N3505818120,노스 프로젝트,"153,000원
                76,000원"
Terry Shorts / CREAM,빅유니온,"68,000원
                27,200원"
SP-02,일일이삼육오,"35,000원"
비기닝83 하프팬츠-오트밀,페이퍼보이,"45,000원
                31,500원"
CT STRETCH FATIGUE SHORTS (burnt orange),와일드 브릭스,"118,000원"
베이직 3부 나일론 숏팬츠 (핑크),테일러 스튜디오,"60,000원
                29,900원"
그웬 트임 미니 스커트팬츠,트위,"49,900원
                39,900원"
BOSS S 랠리 쇼츠(50497416001) 반바지,휴고보스 테니스,"265,000원
                145,750원"
Fabrics Puzzling Short Pants_RKPAS24600KHX,래코드,"299,000원"
써머 나일론 반바지 [소라],인미니멀프로덕트,"65,000원"
플로피 팬츠 _ 레드,라이클리후드,"36,000원"
하프 쇼츠 (실버),에프에이디,"98,000원"
RVIS technical boardshorts lime,르브아시스,"116,000원"
에센셜 액티브 숏팬츠 트레이닝 반바지_블랙,반스플라이,"57,000원"
[무료반품][23%추가적립] 남아 4-7세 폴로 프렙스터 데님 쇼츠 - 블루,폴로 랄프 로렌 칠드런,"99,000원
                69,300원"
커브 파이핑 쇼츠 / 블랙,오호스,"138,000원"
파라슈트 벨트 데님 팬츠 블루,수아레,"75,000원
                37,500원"
라이트웨이트 윈드 러닝 쇼츠 [블랙],무신사 스탠다드 스포츠,"35,900원"
팀라이즈 쇼츠(70494203) 남자 반바지,푸마,"19,000원
                15,200원"
배드민턴 라켓 마스코트 커플 로고 기능성 여성반바지 CS4002,메스타리,"55,000원
                41,250원"
"3/20 배송
                  비욘드 소프트 돌핀 숏츠 - 크림",배드블러드,"63,000원"
메쉬 숏 팬츠 4color,머슬암드,"63,000원
                54,000원"
원턱 스웨트 숏 팬츠 그레이,가까이 유니언즈,"42,000원
                19,900원"
[SET] 릴렉스 핏 스웨트 쇼츠  2_STYLE,어게인스트 올 오즈,"63,900원
                32,800원"
GENTLE MICRO SHORTS (NAVY),글로니,"148,000원
                133,200원"
WAFFLE SHORTS_GREEN WHITE,마르디 메크르디,"52,000원
                49,400원"
비건 레더 핀턱 버뮤다 밴딩 숏 팬츠 (검정),플레이스 스튜디오,"65,000원
                39,000원"
에어스트레치 카고 쇼츠_블랙 트레이닝,어프레쉬,"57,000원
                32,000원"
[무료반품][23%추가적립] 클래식 핏 폴로 프렙스터 - 블랙,폴로 랄프 로렌,"159,000원"
[문가영 착용] MICRO HALF PANTS_BLACK,닉앤니콜,"86,000원
                68,800원"
[2PACK] 코튼 원턱 하프팬츠,톤즈,"78,000원
                16,900원"
플라워 7955 페이드워시 미디움인디고 버뮤다 쇼츠팬츠,맥우드건,"69,000원
                55,200원"
linen easy fatigue short pants ivory,유니폼브릿지,"79,000원
                15,800원"
우먼스 라운지 쇼츠 2 color,에이치덱스,"42,000원
                35,700원"
"3/22 배송
                  8부 데님 버뮤다팬츠 - 미디엄블루",이지노이지,"75,000원
                45,000원"
Deep One Tuck Sweat Shorts [Dark Cloud],제로,"32,000원"
버뮤다 원턱 하프 팬츠_Martine Olive,라퍼지스토어,"45,000원
                19,800원"
AUTHENTIC SHORTS(AUTHENTIC YELLOW),프라이,"39,000원
                9,750원"
와이드 워싱 카펜터 데님 하프 팬츠 딥인디고,굿라이프웍스,"49,800원
                34,800원"
[패키지][린넨+데님 선택] 쿨 린넨 라이크 밴딩 반바지,코드그라피,"63,900원
                45,900원"
우먼즈 라운지 쇼츠 [블랙],무신사 스탠다드,"21,900원"
나일론 라운드 카고 쇼츠 블랙,트래블,"55,000원
                35,900원"
OG 숏 팬츠 - 블랙 / IM9643,아디다스,"65,000원
                57,900원"
유니섹스 트위드 버뮤다 이지 팬츠 크림 베이지,온리스웻팬츠,"139,000원
                69,500원"
JMD 우븐 윈드브레이커 쇼트 팬츠 퍼플,준타스,"33,000원"
Two tuck corduroy short pants_Black,노운베러,"73,000원
                65,700원"
EASY STRING SHORTS BEIGE,호이테,"98,000원"
아디크로스 골프 쇼츠 IT8311,아디다스 골프,"148,000원"
FOUR TUCKS LINEN SHORTS (NAVY),더 스튜디오 케이,"119,000원
                83,300원"
유틸리티 쇼츠 [오렌지],브루클린웍스 어패럴,"99,000원
                89,100원"
[ATW] 포켓 배색 하프팬츠_GY,아티스트웨어,"42,000원
                25,200원"
COTTON SHORT PANTS_WHITE,엽페,"75,000원
                63,750원"
파이어 U 로고 러닝 쇼츠_블루(IK2DMFPA62A),이스트쿤스트,"59,000원
                41,300원"
썸머 워싱 데님 반바지 - 라이트블루,두두앤솜,"48,000원
                36,200원"
[무료반품] 쿨 기능성 지프로고 반바지_KN5TPU974BK,지프키즈,"39,000원
                17,550원"
비건 레더 핀턱 버뮤다 밴딩 숏 팬츠 (브라운),플레이스 스튜디오,"65,000원
                39,000원"
"3/28 배송
                  BAGGY HALF PANTS (UNISEX) BLACK",나체,"148,000원
                140,600원"
INDIGO CARGO HALF PANTS BLACK_FQ2KP81U,펜필드,"89,000원"
Low Rise Half Denim Pants [ Blue ],트리밍버드,"149,000원"
dot track shorts (navy),오헤시오,"79,000원
                71,100원"
SEPT 메쉬 루즈핏 숏 팬츠[4color],머슬암드,"54,500원
                46,000원"
템프프리™ 쿨 6-inch 쇼츠 [블랙],무신사 스탠다드 스포츠,"34,900원
                33,160원"
커넥션 로고 스웨트 쇼츠 [화이트],어게인스트 올 오즈,"38,000원
                15,800원"
리벳 버뮤다 팬츠_베이지,크랭크,"128,000원"
(올시즌) 시어서커 하프 팬츠_네이비,디미트리블랙,"39,900원"
"3/20 배송
                  비욘드 소프트 돌핀 숏츠 - 블랙",배드블러드,"63,000원"
W BERMUDA DENIM PANTS blue,마리떼,"129,000원"
[3PACK]부스트 5인치 숏 팬츠,웨이든,"149,700원
                85,900원"
트레이닝 짐 쇼츠(라이트베이지),노티카,"55,000원
                33,000원"
로턴 올 데이 트랙 쇼츠 클래식 네이비,세터,"129,000원
                96,750원"
BUTTON FLY MINI SHORTS (GRAY),글로니,"48,000원"
루즈핏 쇼츠 - 그레이,슈퍼서브,"42,000원
                32,000원"
에어스트레치 쇼츠_라벤더 트레이닝,어프레쉬,"52,000원
                29,000원"
[무료반품][23%추가적립] 클래식 핏 폴로 프렙스터 - 베이지,폴로 랄프 로렌,"139,000원"
버나드 7908 더스티워시 릴렉스핏 라이트인디고 쇼츠팬츠,맥우드건,"72,000원
                57,600원"
스포티 심볼 로고 쇼츠-블랙,필루미네이트,"39,000원
                31,000원"
남성 라이벌 테리 반바지 1361631-001,언더아머,"59,000원
                41,300원"
[2PACK 썸머 카고 하프팬츠,톤즈,"74,000원
                16,900원"
나일론 메탈 카고 쇼츠_카키,코드그라피,"44,000원
                39,900원"
서전트 쇼츠,에이치덱스,"52,000원
                41,600원"
[패키지] 이지 와이드 스웨트 쇼츠-10컬러,굿라이프웍스,"70,000원
                42,000원"
트래블러 쇼츠 옐로우,트래블,"55,000원
                19,900원"
og m51 short pants black,유니폼브릿지,"99,000원
                19,800원"
[@yeseul0104 예스리아 착용] TORCHON RIBBON LACE SWEAT SHORTS WHITE,론론,"88,000원
                70,400원"
가먼트 다잉 워싱 버뮤다 데님 팬츠_Washed Green,라퍼지스토어,"54,000원
                18,900원"
우먼즈 더블 니트 스웨트 쇼츠 [화이트],무신사 스탠다드,"26,900원"
ESSENTIAL VOLUME HALF PANTS_BG,블루닷,"230,000원"
유니섹스 생지 원턱 버뮤다 청바지,딜레탕티즘,"90,000원"
아린쿨웨어 하프팬츠 OSB1009,비와이씨,"23,000원"
Piping line Essential logo Track shorts Red,320쇼룸,"87,000원
                78,300원"
태리셋업 반바지 레드,돌키,"45,000원"
[UNISEX] Binding Terry Shorts (Green),씨오엠이,"76,000원"
여성 큐티 보드 쇼츠(라벤더),볼컴,"79,000원
                63,200원"
BIG POCKET BUCKLE SHORTS ECRU,네네츠 어센틱,"64,800원
                58,320원"
Mesh Basketball Pants  Sky Blue,샌드 사운드,"83,000원"
버뮤다 카고 팬츠 - 브라운,샐러드바구니,"96,000원"
CORTLAND FLANNEL EASY SHORT [PURPLE],허프,"129,000원
                51,600원"
[UPW3049] UPST GOLF 사이드 슬릿 쇼츠 인디핑크,어퍼스트롭 골프,"109,000원
                69,000원"
JERSEY QUILTED CULOTTE PANTS - PINK,포트메인,"279,000원
                139,500원"
우먼스 매거진 돌핀 쇼츠 라벤더,트레셔,"49,000원
                39,200원"
COTTON SHORT PANTS - PINK,모어댄라이크,"78,000원
                70,200원"
Flare Shorts (Baby Pink),라비올렛트,"128,000원"
UTS 어반 택티컬 11인치 숏팬츠_쉐도우그레이,헬리콘텍스,"123,600원"
테리 써머 숏츠 (커스터드크림),판영,"58,000원"
남성 마이크 쇼츠 팬츠 - 네온 옐로우 / 4083490,선플라워,"162,000원
                81,000원"
Cotton low Shorts (ivory),앤니즈,"89,000원"
VSW Oval Shorts Green,비전스트릿웨어,"69,000원
                27,600원"
카고버뮤다팬츠블랙,튜드,"105,000원"
마티나 밴딩 숏 팬츠 / MATINA BANDING SHORT PANTS_3colors,룩캐스트,"128,000원"
Steady Balloon Two-Tuck Shorts Beige,사운즈라이프,"89,000원
                40,050원"
DYED BASIC SWEATSHORTS [PINK],비바스튜디오,"69,000원
                31,050원"
Embroidered Cargo Shorts Purple,웰빙익스프레스,"108,000원"
Cotton Chino Short Pants - Beige,르바,"88,000원"
트리 피그먼트 쇼츠,젤리멜로,"55,000원
                38,500원"
아윌 트레블 숏 팬츠,라디네오,"45,000원"
[리퍼브] 로고 스트라이프 데님 숏팬츠 _ 블루,브이브이브이,"85,000원
                42,500원"
CRULD HALF PANTS - BLUE,아파트먼트,"49,700원
                14,900원"
플리츠 하프 팬츠 (블랙),킨록 바이 킨록앤더슨,"189,000원
                59,000원"
A라인 스커트 핏 팬츠 OW3XL2190,올리브 데 올리브,"239,000원
                167,300원"
모노타입 올오버 우븐 쇼츠,타미힐피거 키즈,"115,000원"
POX  퍼티그 하프 팬츠 (올리브그린),언터치드,"42,000원"
23 스몰 로고 트레이닝 숏팬츠 블루,피버타임,"29,000원
                27,550원"
타히티 하프팬츠 M,잔카,"79,000원
                47,400원"
Light Mesh Shorts - Salmon,키아세,"109,000원
                92,650원"
아동 컴피 5부 직물팬츠 반바지 6종,유니프랜드,"13,900원
                7,900원"
레이스 블럭 팬츠 도브,페스토,"109,000원"
[20SS] 스페이스 스커트 팬츠,하이스쿨디스코,"58,000원
                23,200원"
트레이닝 숏 팬츠_3J68C901CHP,베네통키즈,"25,000원"
KIDS SWEAT SHORTS ALLSTAR 23 GRADATION_HEATHER PINK,마르디 메크르디 레쁘띠,"56,000원
                50,400원"
ACVR 리브드 쇼츠 블랙,어커버,"32,000원
                19,900원"
사이드 포켓 포인트 버뮤다 쇼츠 - 아이보리,알디브이제트,"89,000원
                53,400원"
RIP BIKER SHORTS,그레이양,"129,000원"
seersucker two tuck shorts (Beige),벨리프,"64,000원"
크로플 6부 팬츠_GREEN (ITM30PS03M_GN),포인터 웍스,"47,200원"
ST SHORT PANTS / BLACK ST,리베레코리아,"206,000원"
엠마체크5부팬츠 [가을] 라이트 브라운,모이몰른,"43,000원
                30,100원"
레이어드 아웃포켓 숏 팬츠 (블랙)_5JD1704,오프로드,"140,000원
                119,900원"
울 글렌체크 핀턱 버뮤다 언발팬츠,비커민,"145,000원
                101,500원"
남성 써커 반바지 TMPSM2384-508,테일러메이드 어패럴,"219,000원"
코튼 원턱와이드 트레이닝쇼츠 레드,모즈모즈,"35,900원
                28,800원"
트레버스 에어 숏팬츠 (BEIGE),힐리먼트,"119,000원
                107,100원"
원턱 스웨트 버뮤다 반바지 gray,메러베인,"42,000원
                32,800원"
WRAP SHORTS,에이오더블유,"378,000원
                264,600원"
ANC COTTON PINTUCK SHORT,아노에틱,"95,000원"
[UNISEX]플라워도트 프린팅 쇼츠_레드,그레이버,"49,000원
                34,200원"
유틸리티 스웨트 4부팬츠 XN21FW4SPT02 [RED],엑스네지,"87,000원
                48,000원"
Hand Dyed One&Only Sweat Shorts (dark blue stripe ver.),커넥트엑스,"112,000원
                89,600원"
비건레더 큐롯팬츠_ 레드,마일즈 앤 마일즈 앤 마일즈,"168,000원"
주니어 무지 하프팬츠 (블랙),오실롯 주니어,"47,200원
                28,500원"
Wide Chino Short (Soft Grey),에이트디비젼,"98,000원
                58,800원"
원데이 트레이닝 팬츠 [베이지],아르브,"51,000원"
빅로고 스웻쇼츠 블루,레이지레이크,"85,000원
                59,500원"
서머 프린트 밴딩 쇼츠  아이보리 (BC3525C960),빈폴 멘,"239,000원
                143,400원"
COTTON JERSEY DRAWSTRING SHORTS_BLUE,컨티먼트,"79,000원
                31,600원"
PEAK TECH SHORT [CLAY],허프,"139,000원
                55,600원"
남여공용 PPUTT 반바지 Olive Green,클래스크로운 골프,"89,000원"
사폭변형반바지 RL22B152,꼬마크,"159,000원"
남성 어 베럴 보거스 쇼츠 팬츠 - 아이보리 / C8230111L3R218,클로즈드,"324,000원
                133,000원"
Leisure Terry Short Pants (Unisex) - British Racing Green,세러데이 레저 클럽,"53,000원"
스몰로고 패치 피그먼트 숏팬츠[크림],텐테이셔넴,"62,000원
                31,000원"
A라인 하프 팬츠_R32WCP04BE,레인메이커,"418,000원
                209,000원"
SERIF ARCH SWEATSHORTS(NAVY),하버드,"64,000원
                48,000원"
로얄 버뮤다 팬츠_Gray,맨인스토어,"59,900원
                29,500원"
Ring Detail Denim Hot Pants (BLUE),비에이블투,"84,000원
                67,200원"
OA LOGO HALF PANTS-PURPLE(O.A 로고 하프팬츠-퍼플),오픈 에티튜드,"48,000원
                33,600원"
Tuck Detail Half Pants_Ivory,르이엘,"168,000원"
DAILY SHORTS_NLIDW23702BEX,엘로드,"35,000원"
SIGNATURE CARPENTER BERMUDA SHORTS OLIVE_FQ1WP11U,펜필드,"129,000원"
디스트로이드 바이크 쇼츠_라이트 그레이,타게토,"62,000원
                9,300원"
다트 버뮤다 데님 하프팬츠 썸머블루,오더아카이브,"98,000원
                68,600원"
"3/22 배송
                  MA SHORTS [블랙]",머슬암드,"70,000원
                59,500원"
에어로무브™ 팀 스포츠 쇼츠 [블랙],무신사 스탠다드 스포츠,"55,900원
                53,110원"
(올시즌) 버뮤다 치노 팬츠_4COLOR,디미트리블랙,"45,000원
                39,900원"
Eat Me 복서 (숏츠) - 화이트,배드블러드,"49,000원"
Nylon Big Pocket Wide Shorts - Charcoal,낫포너드,"49,000원
                39,000원"
에어스트레치 쇼츠_카키 트레이닝,어프레쉬,"52,000원
                29,000원"
론치 7인치 쇼츠 1382620-001,언더아머,"55,000원
                49,500원"
G CLASSIC COTTON TWILL SHORTS (WHITE),글로니,"72,000원"
[무료반품][23%추가적립] 클래식 핏 폴로 베어 프렙스터 - 네이비,폴로 랄프 로렌,"189,000원"
와이드 원턱 워시드 데님 쇼츠 블랙,굿라이프웍스,"45,000원
                35,800원"
딥 턱 버뮤다 데님팬츠 (INDIGO),톤즈,"63,000원
                29,900원"
one tuck denim shorts indigo washed,유니폼브릿지,"79,000원
                75,050원"
그레이 세미 와이드 숏 팬츠(남녀공용),서키,"109,000원"
워크샵 피그먼트 스웨트-쇼츠 크림,트래블,"69,000원
                39,900원"
WIDE FIT TR ONE TUCK SHORTS GREY,비슬로우,"39,000원
                5,850원"
우먼스 라벨 컷팅 쇼츠 2 color,에이치덱스,"42,000원
                37,800원"
버뮤다 원턱 하프 팬츠_Olive Brown,라퍼지스토어,"45,000원
                19,800원"
RB Terry Shorts Beige,래비티 스포츠,"98,000원
                39,200원"
우먼즈 원 턱 와이드 코듀로이 쇼츠 [크림],무신사 스탠다드,"39,900원"
아디컬러 클래식 배기 쇼츠 II0748,아디다스,"89,000원"
찹 데님 밴딩 버뮤다팬츠 (파스텔 블루),찹찹,"63,000원
                50,400원"
남성) 기획 에어로쿨 기본핏 하프팬츠_AN2WL5903-LE,제이엠비이,"49,000원
                39,000원"
1997 패셔너블 돌핀 숏 팬츠_퍼플,홀리넘버세븐,"69,000원
                48,300원"
DOUBLE PLEATED WIDE SHORTS - BEIGE,버나드밀즈,"86,000원"
DUSKY SHORT PANTS-003,요크민스터,"52,000원"
[GOLF] LOGO SHORTS OATMEAL,마크엠,"59,000원"
카고 하프 팬츠 (카키),오쏠리,"88,000원"
남성 아로스 레귤러 라이트 쇼츠 팬츠 - 오트밀 / N3505972064,노스 프로젝트,"226,000원
                113,000원"
크리스피 나일론 쇼트팬츠(오션블루),카멜워크,"39,000원
                37,000원"
이지 숏츠 (린넨) 그린 232503SGN (남녀공용),치키타,"79,000원"
베이직 워싱 치노 숏 팬츠 / 7832913002 샌드,아비렉스,"87,000원"
에이지 원턱 버뮤다 팬츠_연청,밈더워드로브,"89,000원
                71,200원"
레스피로 스위프트숏[YWE2001043L1],이지요가,"139,000원
                83,400원"
돌핀 실리콘 와펜 나일론 반바지_132701BL,돌핀웨이브어패럴,"59,800원
                39,900원"
[ITS22UPT06PK] ITZAVIBE X KANZE PANTS,잇자바이브,"59,000원"
Multi Pocket Washed Camper Shorts Charcoal,매든,"99,000원
                89,100원"
홀리데이 팬츠 페스티벌,레이지지,"82,000원
                73,800원"
L.U.P BY LIPUNDERPOINT BUGER KINX PARODY PANTS_RED,엘유피,"57,000원"
피그먼트 바이오 숏팬츠 연보라 KHSP5063,다이클레즈,"26,900원
                19,000원"
(M) 크림 오리가미 쇼츠 CREAM ORIGAMI SHORTS,레이트 체크아웃,"397,000원
                238,200원"
CONTROL THE JUNGLE SWEAT SHORTS (PALE SAGE),아카이브 볼드,"59,000원"
나일론 하프팬츠 베이지,롤랑가로스,"39,000원
                17,000원"
TECH SHORT-VKMWP01SV,블란다,"59,000원
                39,000원"
여성 D 거르 데님 쇼츠 팬츠 - 크림 / A088990LGAG10B,디젤,"250,000원
                125,000원"
카고 와이드 유틸리티 버뮤다 숏 코튼 팬츠 [베이지],썸플레이스,"74,000원
                44,000원"
밑단 프릴 저지 팬츠 (네이비),리틀스텔라,"49,000원"
PBB TRAINING SHORT (P22BBPT19) BEIGE,플라스틱보틀보트,"49,000원
                19,900원"
마마 로고 스웻 숏츠_블랙,페이크마마,"59,000원"
핀턱 버뮤다 슬랙스 카키베이지,마나비스세븐,"77,000원
                73,150원"
카키 엘라 카고 숏,하이퍼 데님,"59,000원"
NYLON GLOSSY SHORTS light purple,마리떼,"79,000원"
[남성] 시그니처 스포츠 기능성 쇼츠,론앤디마리,"89,000원"
LOGO SWEAT SHORT(Black),올아이즈다운,"129,000원"
[ daub x 효정 ] 여성 테리 반바지,돕,"89,000원
                71,200원"
가먼트다잉 카펜터 반바지 블랙 IEPA3E403BK,일꼬르소,"119,000원
                95,000원"
에센셜 이지 하프 팬츠 BE,세븐피겨스,"69,000원
                44,850원"
울블렌드 원턱 쇼츠_블랙,컨스트럭션,"99,000원"
스탠다드 스웨트 쇼츠 - 레드_와펜 ver.,멜란지 마스터,"26,900원"
YB LOGO BANDING SHORT_PURPLE,유쓰배쓰,"53,000원
                31,800원"
Western Half Pants [White],이어스트,"139,000원"
메쉬 버뮤다 반바지 [블루],발리안트,"79,200원
                39,600원"
DUVA HALF PANTS,메리제임스,"63,000원
                16,900원"
자카드 지퍼 하프 팬츠,비건타이거,"108,000원"
horse 7부 바지_요루,마틸다엔와이,"56,000원
                39,900원"
"쿨 스트레치 플리츠 스코트 _ 블랙 (UV차단, 냉감속바지)",포셔드,"209,000원
                167,200원"
JMD 우븐 윈드브레이커 쇼트 팬츠 베이지,준타스,"33,000원"
9oz 헤비코튼 트레블 반바지 - 피그먼트 세이지,굿온,"168,000원"
silky shorts pants,애프터홈파티,"78,000원"
리브드 보이숏츠 아이보리,오프온 스튜디오,"78,000원"
FFATS 파라수트 카고 쇼츠_레드(NG2EMUPA61A),나이스고스트클럽,"139,000원
                125,100원"
SUPPLEX™ TOOL SHORTS / SOFT-BLK,구보,"93,000원"
숏 셋업 팬츠,더엣지,"59,900원"
마테라 쇼츠 W_Light Pink,피레티,"480,000원"
나일론 밴딩 쇼츠 4040 민트,캉골,"65,000원"
Banding Shorts_SG,언에디트,"68,000원
                47,600원"
여성 팬틴 쇼츠 팬츠 - 블루 / S23742ZSEA,마스콥,"432,000원
                216,000원"
half cotton banding pants-beige,링서울,"79,400원
                67,490원"
SMILE LOGO SWEAT SHORT PANTS - grey,배러댄서프,"69,000원"
[한량] HANRYANG SHORT PANTS RED 무지 팬츠 반바지,한량,"45,000원"
기거클 나일론 원턱 쇼츠 팬츠_그린,슬로우 레코드 하우스,"39,000원
                35,100원"
Sofia Pink Ruffled Cotton Shorts,로에,"85,000원"
sadsmile fine sweat shorts CQPAM24431IVX,커스텀멜로우,"69,000원"
[남녀공용] 365 데일리 쇼츠_오프 화이트 PG14130033,판가이아,"165,000원"
LINEN-BLEND CARGO SHORTS_BLACK,드레,"249,000원"
액티브 테리 팬츠 - 블랙,레탑,"96,000원"
CUTTING SWEAT HALF PANTS [Pink],데호,"88,000원
                26,400원"
BASIC PATTERN SHORT PANTS - WHITE,민더리,"54,000원"
BURMUDA PANTS (CHARCOAL),버뮬라,"159,000원"
PALMERO ASPECT PANTS_GREEN,브라이언베리,"65,000원
                39,000원"
나일론 숏 슬리브 세트 팬츠 - 차콜,구빈,"42,000원
                37,800원"
베이직 로고 나일론 데일리 숏팬츠 Black,헤이릴렉스캄다운,"59,000원"
플랭크 카고 버뮤다 테일러쇼츠_그레이_VP2WP501,에비너,"189,000원"
BURMUDA PANTS (BLACK),버뮬라,"159,000원"
리브드 바이커 쇼츠 (크림),파케,"59,000원
                41,300원"
MEN PLEATED  SHORTS - WHITE,더발론,"168,000원"
여성 울라이크 버뮤다 반바지 DARK BEIGE / SNA3WHP352DB,세인트나인 골프웨어,"379,000원"
네이비 피그먼트 자수 로고 반바지,저스트행,"49,000원"
3881208 트레이닝 반바지 다크 그레이/블랙,켈미,"69,000원
                38,000원"
CHAMPION SHORTS [BEIGE],하인즈 운트 쿤즈,"69,000원"
스냅 버뮤다 스웻 팬츠 그레이,로어링라드,"82,000원
                73,800원"
belted bermuda short pants(womens) beige,유니폼브릿지 우먼,"179,000원
                89,500원"
유니섹스 컴포트 스웨트 쇼츠 (화이트),온츠,"41,000원
                22,000원"
헤일로 반바지,스너글허니키즈,"34,000원
                27,200원"
글램 숏팬츠 - 화이트,이드,"59,000원"
플라워 하프팬츠 블루,로얄위,"65,000원
                18,900원"
WOMAN ROUNDING WRAP CULOTTE PANTS BEIGE,카렘,"169,000원
                84,500원"
삼각 로고 트레이닝 반바지 라이트그린,트립샵,"69,900원
                22,000원"
숏 원턱 져지팬츠_블랙,에스피엔케이,"49,000원
                34,300원"
테리 쇼츠 LAVENDER,로드로아르,"59,000원
                47,200원"
M GN CHECK PRINT SHORTS LQ1IF07M,마크앤로나,"598,000원"
남성 메시 패브릭 쇼츠 팬츠 - 오프 화이트 / 737407XJFFK9326,구찌,"1,610,000원
                1,560,000원"
사이드포켓 숏팬츠 (카멜),어나더리더,"74,000원
                39,800원"
[NK] Muggy Shorts (Green)_K23QC124,네스티킥,"42,000원
                35,700원"
HERITAGE UNIVERSITY DAN CHINO SHORTS PURPLE,예일,"59,000원
                23,600원"
컬러 데님반바지_연청,오프닝선샤인,"69,000원"
Heart Chino Shorts Black,썬러브,"209,000원
                104,500원"
숏 팬츠 [핑크],디피와이에스엠엔티,"85,000원
                58,800원"
Logo One Tuck Wide Double Cotton Shorts [Blue],바쥬비쥬,"48,000원
                33,600원"
사이드 밴딩 원 턱 코튼 쇼츠-로이 [라이트 베이지],낫온리포투데이,"139,000원"
원턱 와이드 밴딩 쇼츠 [라이트 옐로우],낫온리포투데이,"109,000원"
DURING HALF PANTS (듀링 하프 팬츠) - CHARCOAL,디어스토커,"65,000원"
어베인쇼츠(그레이),유주얼 에딧,"68,000원
                19,900원"
EXC 와이드 원턱 데님 숏팬츠 (3컬러),엑스컨테이너,"36,000원
                30,600원"
EMBOSSED DENIM HALF PANTS LIGHT BLUE,엔와이엑스엑스,"109,000원
                98,000원"
아이스킨 데일리 이지 쇼츠 팬츠 AGT927-319,아가타 어패럴,"59,000원
                41,300원"
"3/15 배송
                  스트링 나일론 쇼츠",아워세이아워,"42,000원
                37,800원"
로얄 버뮤다 팬츠_Black,맨인스토어,"59,900원
                29,500원"
코듀로이 니들 팬츠 (와인),미네랄 스튜디오,"105,000원"
DDP-006 오리엔탈 서프,드리프트아웃,"42,000원"
22SS 베이직 져지 숏팬츠 by hazzys (ISM33PS22G_NV),포인터 웍스,"34,300원"
니트 쇼츠_그린,마조네,"124,000원
                99,200원"
BETTER PANTS_PINK,파이브아워스,"168,000원"
SWOON 원턱 트레이닝 반바지 (블랙),알렌스,"29,900원
                19,900원"
키즈) 스쿠버 라독 숏팬츠,라이프워크 키즈,"49,000원"
테리 쇼츠 Blue White,필리플레이스,"83,000원
                74,700원"
워셔 쿨링 우븐 쇼츠 (PURPLE) / BM220827,블랙몬스터핏,"34,000원"
그라데이션 골프 쇼츠 남성 SKY BLUE,바스키아 브루클린,"340,000원"
리본 디테일 쇼츠,히드코트,"119,000원
                95,200원"
슬림핏 하프 팬츠 - 레몬,무니드,"98,000원"
버뮤다 랩 숏 팬츠 OUOSP001-GY,오브젝트 뮤지엄,"99,000원"
스트라이프 요꼬 플리츠 치마 바지 HFBKP1305WH,헤일리,"188,000원"
DENIM MINI PANTS SKIRT,더발론,"198,000원"
SN221ZHP51 베이스볼 트레이닝 반바지 (그레이),데상트 베이스볼,"49,000원"
워터프루프 숏츠 라임,인지액티브,"72,000원"
여성) 타올 테리 3부 쇼츠 (SET-UP)_MSE2PT2005,탑텐,"29,900원"
그래픽 자수 6부 와이드 팬츠,아이디얼리스트,"125,000원"
투턱 와이드 버뮤다 팬츠 (블랙),이프엘스,"63,000원
                50,400원"
"PIGMENT CORDUROY SHORTS, IVORY",플리즈프로젝트,"96,000원"
만테코 버뮤다 쇼츠 M (ECRU),스티븐 알란,"269,000원
                134,500원"
LOGO SWEAT SHORT(Pink),올아이즈다운,"129,000원"
[SET] 트윌 나일론 반바지 2세트,언리미트,"70,000원"
키즈 베이직 트레이닝 반바지(카키),볼컴 키즈,"69,000원
                34,500원"
two-way wrap belt shorts - beige,무아르모아,"112,000원
                78,000원"
CAT SHORTS IVORY,르아위,"42,800원"
ICE LITE 컴포트 쇼츠,플래니트,"54,800원
                46,580원"
Wide Chino Shorts (Cream),브루먼,"69,000원"
relax biker shorts - light blue,썸웨어버터,"46,000원"
투턱 와이드 하프밴딩 쇼츠 [BEIGE],블러프,"68,000원"
린넨 와이드 하프 팬츠 -WT,플라스크,"57,000원
                39,800원"
플라워 버튼 체크 쇼츠 베이지,디어피어,"62,000원
                49,600원"
피에이 워싱 코튼 쇼츠 오렌지,파르티멘토,"46,100원
                23,000원"
골덴매직쇼츠,쿠르나르,"20,400원"
Pleather Patch Shorts_Green,마틴골프,"278,000원
                139,000원"
발레워머 웨이스트 숏 팬츠 옐로우,포인트픽스,"65,000원"
듄 데님 코튼 팬츠  _ 라이트 블루,무라,"99,000원
                69,300원"
버뮤다 데님 팬츠 / 미들 블루,아이에이치알,"99,000원
                89,100원"
레트로 퍼플 쇼츠 팬츠,필로그램,"65,000원
                61,750원"
남성 재패니즈 쇼츠 팬츠 - 베이지 / KM01419WQ0054P220,메종 키츠네,"465,000원
                279,000원"
체커보드 테잎 트랙 하프팬츠 라이트 옐로우,널디,"65,000원
                45,500원"
린넨 코튼 턱 버뮤다 팬츠_코발트,리파인드902,"129,000원"
[예리(@h.yeli) 착용] 3 FRILL SHORTS_IVORY,에스이오,"48,000원"
드라이액션™ 2in1 7-inch 쇼츠 [라이트 그레이],무신사 스탠다드 스포츠,"48,900원
                46,460원"
[Sharp] 클래식 숏츠(102) AFPM2313509-102,프레드페리,"198,000원"
Handmade) Wool Half Pants [ Black ],트리밍버드,"169,000원"
42283 루즈핏 워크쇼츠 Dark Brown,디키즈,"55,000원"
[무료반품] RR LOGO NYLON SHORTS BLACK,레스트앤레크레이션,"108,000원"
네트 프릴 밴딩 쇼츠 크림,디어피어,"62,000원
                37,200원"
SMALL LOGO SWEATSHORTS [CREAM],골라,"42,000원"
"3/20 배송
                  비욘드 소프트 돌핀 숏츠 - 챠콜",배드블러드,"63,000원"
우븐 8인치 쇼츠 1377026-001,언더아머,"49,000원
                34,300원"
스타 로고 돌핀 쇼츠_레드(IK2DMFPA63A),이스트쿤스트,"69,000원
                48,300원"
[무료반품][23%추가적립] 치노 트윌 쇼트 - 베이지,폴로 랄프 로렌,"159,000원
                111,300원"
[배색ver.] 배색 테크 쇼츠_블랙,코드그라피,"34,000원
                27,540원"
바시티 컴포터블 쇼츠 (Black),에이치덱스,"42,000원
                37,800원"
버뮤다 원턱 하프 카펜터 팬츠_Off White,라퍼지스토어,"49,000원
                19,800원"
90s 버디 카고 팬츠 레어핑크,토우토우 아카이브,"128,000원"
denim short carpenter,보이센트럴,"59,000원
                41,300원"
복서 핏 스웨트 쇼츠 [블랙],무신사 스탠다드,"29,900원"
Z.N.E 숏 팬츠 W - 핑크 / IN5148,아디다스,"59,000원
                51,900원"
여성 플리츠 큐롯 팬츠[WHITE],투에니스홀,"129,000원
                109,000원"
여성 버뮤다 쇼츠 팬츠 - 민트 / N1026AMINT08,우에라,"348,000원
                174,000원"
[GOLF] WOMEN SET-UP SHORTS NAVY,마크엠,"59,000원"
Archi Denim Shorts  Grey,시프트지,"199,000원
                95,520원"
SUMMER NYLON PANTS YELLOW,오울,"62,000원"
Q221-7533-1IG 남성 면 5부 팬츠,프로월드컵,"39,000원"
오리지널 쇼츠 [차콜],오리지널,"52,000원"
핀턱 데님 밴딩 하프팬츠 (그레이),아더피츠,"85,000원
                59,500원"
린넨 허리 리본 반바지,가니송,"92,000원"
유틸리티 더블포켓 카고 쇼츠 라이트베이지 SEPT004L.BEIGE,세컨모놀로그,"79,000원
                15,800원"
JERSEY SKIRT SHORTS_LIGHT GREY,로액슈얼,"95,000원"
올프 5부 팬츠,지프로,"189,000원"
코튼 워싱 반바지(네이비),헤이에디,"69,000원"
CASUAL SHORTS / GRAY,마이스,"89,000원"
SATIN POCKET SHORT PANTS - WHITE,민더리,"112,000원"
CABANA TERRY CLOTH SHORTS IVORY,보이즈윌비보이즈,"59,000원
                41,300원"
Corduroy Carpenter Half Pants - Peanut Butter,르바,"129,000원"
HALF SWEAT PANTS_RED,언유주얼 노말,"59,000원"
Honda Vintage Cutoff Shorts Blue Charcoal,혼다 모터사이클,"59,000원"
3부 커버업 팬츠,세컨스킨,"59,000원"
65215 컬러 카모 bdu 숏팬츠,로스코,"49,000원"
돌핀 실리콘와펜  반바지 2팩,돌핀웨이브어패럴,"119,600원
                59,800원"
MNS RUNCREW MESH SHORTS PINK,미나수,"83,000원
                74,700원"
"제작 7일
                  해비 하프 팬츠_ 블루",마스,"68,000원"
하프 팬츠 오렌지,질츠,"32,000원"
와이드 핏 피그먼트 스웨트 쇼츠 미들 그레이,일템포셀렉샵,"59,000원"
와이드 버뮤다 데님 스카이 블루,에드,"78,000원"
에어리밋 포켓 쇼츠_RAE2PH3012BE,티메이커,"59,900원
                41,930원"
CT RIP RELAX FIT BUSH SHORTS BEIGE,폴러스터프,"97,000원"
AR_Winter snow knitted shorts_BROWN,에이앤레이,"129,000원"
[무료반품] 남성 노박 스페셜 쇼츠 [화이트],라코스테,"129,000원"
Eye Shorts,느와,"41,500원
                16,600원"
와이드 포켓 커버 쇼츠_크림,베트랙트,"99,000원
                62,300원"
로고 반바지 네이비,키써,"59,000원"
우먼 부클 니트 쇼츠 블루,커버낫,"69,000원
                48,300원"
셋업 라운지 쇼츠_라임,마욜,"89,000원"
알레그로 숏팬츠 오렌지,밸롭,"69,000원
                49,000원"
라운지 쇼츠 - 스트라이프 레드,바이예스헬로톰,"45,000원"
YKK 사이드 지퍼 반바지 _ 블랙,아차,"49,000원
                39,200원"
[무료반품] 키즈 힐크레스트 쇼츠 NS6NP01V_JGR,노스페이스 키즈,"48,000원
                33,600원"
[키즈] 라쿠 와펜 스웨트 숏츠(블랙),테이크이지 키즈,"29,000원
                20,300원"
[친환경 기능성] ANGEL 리사이클 나일론 페더 쇼츠 - 로지 핑크,쉘코퍼레이션,"95,000원"
헬리 트임 스커트팬츠,트위,"49,900원
                39,900원"
패스티시 듀얼 인테그럴 쇼츠 s,나우바우,"159,000원"
여성 아가일 하이웨스트 숏팬츠,르꼬끄 골프,"218,000원
                109,000원"
PIGMENT SWEAT SHIRTS&SHORTS,랩101,"108,000원
                75,600원"
Jane pleats skirt pants - Vanilla,비뮤즈맨션,"168,000원
                159,600원"
DD_Casual wide short pants,던드롭,"124,000원"
LAUL LINEN CARGO HALF PANTS BLACK 라울 린넨 카고 반바지 블랙,라울,"89,000원
                71,200원"
트래블웨어 플리츠 반바지 (베이지),알브이디,"42,900원"
5부 투포켓 팬츠 베이지,밸롭,"69,000원
                49,000원"
여성 숏 기장 RALLY 디스코 숏 팬츠 라일락 JOPOX23402PIM,헤드,"69,000원
                48,300원"
AR_Winter snow knitted shorts_IVORY,에이앤레이,"129,000원"
LaLa Short Pants [Beige],라라,"148,000원
                118,400원"
4부 쭈리 반바지 DBF2S-8017 3colors,뒤란,"64,000원
                31,000원"
F232UHP325 오더블 4부 팬츠 JADE,엔에프엘,"79,000원"
미니와플 이지 쇼츠 3칼라 (W),와이잭,"47,000원"
남성 스티치 쇼츠 팬츠 - 네이비 / SPH28012VCF022E,프라다,"1,377,000원
                662,000원"
8부 체크바지 FY354102,미피키즈,"36,000원
                32,400원"
트레이닝 스웨트 숏 팬츠 - GRAY,에스이에스티,"34,000원
                19,900원"
g.Keble 남성 골프 경량 퍼포먼스 반바지 - Stone,글렌뮤어,"235,000원"
포인트 로고패치 쇼츠 팬츠50487835_022,휴고,"190,000원
                133,000원"
디스트로이드 데님 쇼츠 / 라이트 블루,어널로이드,"138,000원
                110,400원"
Two-Tuck Denim Shorts - Blue,논로컬,"75,000원
                67,500원"
N242UBS640 4부 할리퀸터스크 숏팬츠 STORM BLUE,내셔널지오그래픽,"69,000원"
유틸리티 더블 집 버뮤다 쇼츠 카키,쿄,"172,000원"
미니멀 밴딩 쇼츠 베이지,팔렛,"59,000원
                16,950원"
22FW01AW054 커시브 로고 프린팅 바이커 쇼츠 (아이보리),어텐션로우 포 우먼,"49,000원
                39,200원"
BREATHBRIC SUPER WATERPROOFING Pants (Green),88리미티드,"65,000원"
W Cozy Bermuda Pants Ivory,러프사이드,"148,000원"
24SS 남성 미를3 숏 팬츠 OMFPN2064-199,오닐,"69,000원"
우먼즈 프린트 하프 팬츠 (브라운),비건타이거,"108,000원"
버뮤다 하프 데님 팬츠 (워시드 블랙),999휴머니티,"148,000원
                103,600원"
제프리 팬츠 HY3543P3,해피랜드,"25,000원"
Cloud Quilting Bermuda Pants (Cream),쟈습,"158,000원"
Raw Cut Detailed Sweat Shorts- M.Grey,아노니모아노니마,"119,000원"
빅포켓 린넨라이크 숏팬츠 베이지 6THTHC2MPT002,토마스 베일리,"29,000원"
플라워 숏팬츠(NAVY),프라이노크,"89,000원
                17,800원"
모노그램 로고 스윔 팬츠 (4color),바잘,"72,000원
                50,400원"
테리 코튼 하프 팬츠 샌드,메버릭,"59,000원"
SWEAT BLOCK SWIM PANTS,비비드프랭키,"58,000원
                52,200원"
SOFT PLEATS MINI SHORTS_2COLORS,스윗원에이티,"98,000원
                68,600원"
울 블렌드 버뮤다 팬츠 [여성],컨템포러리 어카운츠,"148,000원"
WIDE LONG BERMUDAS JEANS - INDIGO,아옵트,"109,000원"
원턱 와이드 하프 팬츠 (Black),프리저브드 스테이션,"129,000원
                90,300원"
남성 마이크 쇼츠 팬츠 - 블루 / 4083220,선플라워,"162,000원
                81,000원"
스트라이프 롤업 쇼츠 (네이비),그리니치,"148,000원
                133,200원"
쿨 트레이닝 쇼츠 CHARCOAL (MM7PU477-075),벙커버스터,"29,900원
                14,900원"
남성 타이 다이 폴라 플리스 쇼츠 팬츠 - 오렌지:블랙 / PS22MKS006ORANGEBLACK,아미리,"1,363,000원
                398,000원"
mmo seersucker shorts / purple,에메모가든,"57,000원"
하이라이즈 핀턱 린넨 쇼츠 (아이보리),엣드맹,"159,000원"
원턱 데님 숏 팬츠,유니온발란트,"69,000원"
Chino short pants (Ivory),노우드,"78,000원"
ANILLO X AMES SWEATSHORTS,아메스 월드와이드,"59,000원"
Chain Pants [Beige],플라즈마 스페어,"66,000원
                46,200원"
FRIEND HALF PANTS_GREEN,핑크파인애플,"49,000원"
라이트 타올링 스트라이프 쇼츠_그린,씨피티에스,"68,000원"
하와이안 레트로 쇼츠_블루,왓치아웃베이비,"69,000원"
LADP201 오리지널 로고 트랙 쇼츠 반바지 - 시멘트,라드,"45,000원
                17,900원"
SWEAT SHORT PANTS_white gray,낫띵이즈베럴댄미,"48,000원
                16,000원"
"제작 7일
                  피스톤 하프 밴딩 팬츠 _ 블루",마스,"64,000원"
메탈 밴딩 쇼츠-실버,오디에르,"89,000원"
AGP 니트 쇼츠(W) 블루,에이전트픽,"84,000원
                50,400원"
퍼플 프린트 팬츠,그리디어스,"449,000원"
버뮤다 카고 팬츠 - 스카이블루,샐러드바구니,"96,000원"
ANW Nylon Crepe Short Pants,아노윅,"49,000원
                31,850원"
MENS)테크니컬 패브릭 숏츠_블랙,벤,"108,000원"
jacquard letter knit shorts - navy,누페이저,"118,000원
                70,800원"
COTTON SHORT PANTS_CHARCOAL,엽페,"75,000원
                63,750원"
BLACK TRIANGLE SHORT PANTS,헤레틱,"134,000원
                60,300원"
포켓디테일 리사이클 우븐 쇼츠 [네이비],더그린랩,"75,000원
                67,500원"
우먼즈 칼라 숏 데님 팬츠 퍼플,어썸스튜디오,"69,000원
                55,200원"
그루브 로고 쇼츠 라이트그레이,키지코,"58,000원"
[무료반품] 22.9cm 테일러드핏 트윌 쇼츠 - 블루,폴로 랄프 로렌 골프,"179,000원"
남성 마이크 쇼츠 팬츠 - 블랙 / 4083999,선플라워,"162,000원
                81,000원"
트리코트 트레이닝 5부 반바지 팬츠 (4 color),블랙몬스터핏,"35,900원"
베이직 로고 나일론 데일리 숏팬츠 Indigo,헤이릴렉스캄다운,"59,000원"
버뮤다 치노스_블랙,블랭크룸,"86,000원"
레드 로고 숏팬츠,맨셔네어,"14,500원"
SUMMER SHORTS [IVORY],에스아이씨,"49,000원
                13,900원"
WG 카고 버뮤다 팬츠 L_Beige,와이드앵글,"169,000원"
Cutting 세미 배기 쇼츠 (그레이),덴아워,"41,200원
                32,960원"
ORANGE LAYER HALF PANTS,도조,"249,000원"
플랩 피그먼트 하프팬츠,디앤에스알,"96,000원"
와이드 벨트 그린 숏팬츠,이엘더블유케이,"69,000원"
Floral Cotton Poket Pants,프랭클리,"84,000원"
CODURA STRETCH SHORTS - D/GREY - (P242UHP130),브롬톤 런던,"139,000원"
NYLON STRING BORDER SHORTS (YELLOW),피피피,"42,000원
                29,400원"
UVEIL BELT HALF SLACKS (2color),유제,"65,000원"
V.T HALF PANTS - BURGUNDY,노매뉴얼,"89,000원"
Cotton twill shorts (Pink),쟈습,"109,000원"
썸머 쇼츠_그린,그리니치,"88,000원"
[GOLF] LOGO SET-UP SHORTS BLACK,마크엠,"59,000원"
카모플라쥬 플리츠 스커트_베이지,데어플레이,"155,000원
                115,000원"
A-LINE WIDE PLEATED PT (BEIGE),아바몰리,"138,000원"
아웃 포켓 쇼츠_다크블루,라라써니사이드,"198,000원"
데님 이너 컬러배색 엣지 컷 쇼츠 블루,률앤와이,"75,000원
                60,000원"
우먼스 테리 쇼츠(FF32PH54W_420),피파 1904,"79,000원
                59,000원"
카브라 핀턱 와이드 반바지 VWPTNE0400,누보텐,"169,000원"
트리플 컷 버뮤다 팬츠_워터블루,인템포무드,"66,000원
                56,100원"
Tension Up Stitch Biker Shorts - Deep Red,락케이크,"49,000원"
공용) 알래스카 더블니트 쿨 쇼츠_PHE2PT3770,폴햄,"49,900원
                29,900원"
남성 베이직 4부 투인원 레깅스 쇼츠,엠씨엔스포츠,"89,000원"
투턱 HBT 반바지_베이지,스테이지 네임,"48,000원
                42,700원"
테니스 PK 하프 팬츠_오프 화이트,벤,"58,000원
                40,600원"
테리 밴딩 쇼츠-라이트그린,필루미네이트,"45,000원
                22,500원"
레드라인 3부 베이지,베네시아12,"68,000원"
[1+1]우븐 3부 숏팬츠 XN21FW3SPT01,엑스네지,"42,000원"
RHOMBUS BERMUDA SHORTS GRAY,아이돈워너셀,"69,000원
                41,400원"
쿨 썸머 레이온 실키 숏츠 BLUE,몽버디 골프,"139,000원"
CLASSIC SWEAT SHORTS_CREAM,르아보네,"69,000원
                55,200원"
DV하프 팬츠 블랙,뷔벨로체,"48,000원
                44,600원"
컬러 포인트 핀턱 하프 팬츠(PT-4905),아틀리에 나인,"45,000원"
BASIC SHORT PANTS_NATURAL,핑크파인애플,"38,000원
                19,000원"
트로피컬 울 버뮤다 팬츠_다크네이비,블랭크룸,"118,000원"
여성 A라인 숏팬츠 - IPL3MHP875 NY,이안 폴터 디자인,"189,000원"
Half Band Cotton Pants,아치더,"340,000원"
올 오버 반바지 beige,팽고,"59,000원
                39,500원"
Lavender Half pants-Blue,애니타임로릭,"149,000원
                89,400원"
LOGO SHORTS (BEIGE),블라블라키아,"53,000원"
[NK] Muggy Shorts (Black)_K23QC124,네스티킥,"42,000원
                35,700원"
프런지 다이버스 카고 Black / CH03-1297,첨스,"80,000원
                56,000원"
EVE,페이탈고스트,"53,000원"
프릭 스포츠 쇼츠-베이지,카카오프렌즈 골프,"148,000원
                103,600원"
Sweat Shorts_Navy,소울바이서울,"69,000원"
베이직 스몰로고 5부 반바지 CLE (Green),엠엘비,"79,000원"
W-로고 자수패치 쇼츠팬츠 네이비,왓더퍽,"72,000원"
UFC 로고 모노그램 슬림핏 바이커 쇼츠 (W) 라이트 바이올렛 U4TGU2205LV,유에프씨 스포츠,"89,000원"
로고 자수 나일론 밴딩 쇼츠 (연그레이),피아네르 키즈,"55,900원
                19,900원"
코튼 원턱 반바지_다크올리브,소루,"89,000원"
에센셜 4부 쇼츠 AM3035 BL,에어릿스포츠,"42,000원
                29,400원"
Corduroy Bermuda Pants_Ivory,레이스,"135,000원
                130,950원"
BOA SHORT PANTS [WINE],키티포터리,"59,800원
                50,800원"
오리진 하프 팬츠 [베이지],매버릭,"39,000원
                32,000원"
티니핑 체커 블루 테리 이지웨어 반바지,이모션 캐슬,"32,900원
                26,320원"
스몰로고 패치 피그먼트 숏팬츠[스카이 블루],텐테이셔넴,"62,000원
                31,000원"
[SUGAPOINT] 슈가포인트 남자 반바지 JAYCE,슈가포인트,"54,400원
                34,000원"
RC® city sweat shorts ROME (green),리플레이컨테이너,"38,000원
                30,400원"
ANW Nylon Crepe Half Pants,아노윅,"65,000원
                42,250원"
[UP3069] UPST GOLF 베이직 스웨트 쇼츠 아이보리,어퍼스트롭 골프,"109,000원
                69,000원"
테즈 투 핀턱 버뮤다 팬츠 - 베이지,어다울,"72,000원
                68,400원"
베이직 나일론 하프 팬츠_베이지,딥컬렉티브,"65,000원
                52,000원"
랩 반바지 (머스타드),르누쿠,"239,000원
                215,100원"
two tuck easy wide half pants,리스펙트,"54,000원
                37,800원"
아우포켓 랩 숏 팬츠 OW3WL0390,올리브 데 올리브,"178,000원
                124,600원"
SIDE SLIT RUGBY SHORTS_BLUE,포프롬파더,"59,000원
                29,500원"
어딕티드 밴딩 나노PIQUE 쇼트팬츠_반바지_차콜,더로그,"17,800원"
배니시 우븐 6인치 쇼츠 1373718-014,언더아머,"69,000원
                62,100원"
S24MMFHP72 미닛 반바지 Charcoal Navy,스노우피크 어패럴,"79,000원"
에어스트레치 쇼츠_다크그레이 트레이닝,어프레쉬,"52,000원
                29,000원"
[24SS clove] Soft Terry Shorts (Light Grey),클로브,"88,000원"
"3/27 배송
                  프로토 개버딘 마이크로 숏츠 - 챠콜",배드블러드,"89,000원"
[무료반품][23%추가적립] 클래식 핏 폴로 프렙스터 - 화이트,폴로 랄프 로렌,"149,000원"
아치 로고 쇼츠 4 color,에이치덱스,"46,000원"
[Summer Ver.]라이트 웨더 데일리 쇼츠_Neon Lime,라퍼지스토어,"38,000원
                15,900원"
스트링 버뮤다 데님 팬츠_생지,베트랙트,"99,000원
                69,300원"
COTTON TUCK SHORTS [DEEP BLUE],오아이오아이컬렉션,"79,000원
                39,500원"
바시티 스포츠 트랙 팬츠 (T32E1WPC20TWT1CT0),타미진스,"158,000원"
Sweat Cargo Half Pants Beige,배디,"89,000원
                71,200원"
우먼즈 코튼 와이드 버뮤다 쇼츠 [블랙],무신사 스탠다드,"39,900원"
OG 숏 팬츠 - 그레이 / IM9645,아디다스,"65,000원
                57,900원"
BOLD LOGO SWEAT SHORTS BUTTER,논서비스,"44,000원
                30,800원"
g.Keble 남성 골프 경량 퍼포먼스 반바지 - White,글렌뮤어,"235,000원"
에이라인 버뮤다 팬츠,에임스윙,"106,000원"
트레킹 밴딩 숏 팬츠(JBTPNT-0007),1989스탠다드,"59,800원
                41,800원"
플랩 와이드 하프 팬츠 SWSLME0200,디어케이,"129,000원
                90,300원"
링지퍼 하프 팬츠 - 베이지,파세스,"58,000원"
회색톤온톤 반바지,블루디 블루,"51,900원"
(남) 샤이니 플레이 쇼츠 에메랄드,폴리,"55,000원"
버클 트레이닝 쇼츠 (MELANGE),키푸,"86,000원
                34,400원"
그래피티 리버스 하프 팬츠 - VIOLET,플레이언,"89,000원"
KIDS 반바지 ELSE Charcoal_17084061,망고 키즈,"39,000원
                27,300원"
핀턱 벨티드 하프 팬츠 베이지,이지오,"69,000원
                62,100원"
키즈 오리지널 로고 스웻 숏 팬츠_라이트그레이(NG2DMCPA63A),나이스고스트클럽 키즈,"39,000원
                35,100원"
원턱 코튼 하프 팬츠 (W)_화이트,데이,"49,900원
                38,900원"
나일론 버뮤다 팬츠 블랙,머드솔트,"82,000원
                59,000원"
Y. SWEAT SHORT GREY,와이씨더블유,"64,000원
                57,600원"
여성요가복 레이온 숏츠 5PP3528,모어아웃,"33,000원
                26,000원"
GLOSSY FOIL SHORT_BRONZE,백씨,"86,000원"
365 에브리웨어 v2 숏팬츠 더스티블루,언코티드247,"35,000원"
2023 SUMMER 여성 양면지 셋업 반바지_OPI461,오아마루,"71,400원
                35,700원"
아이보리 립 스티치 쇼츠,초시,"78,000원
                62,400원"
파이핑 서클 로고 트랙 쇼츠-퍼플,필루미네이트,"39,000원
                31,000원"
하이웨이스트 쇼츠 - 네이비,누팍,"79,000원
                31,600원"
바시티 로고 6부 반바지 LA (D.Green),엠엘비,"79,000원"
BIKER LAP SKIRT SHORTS (BLACK),지제뮤지엄,"53,000원
                50,350원"
[그라플렉스x컬럼비아] 남성 대시 투 코브 쇼츠 - 그레이,컬럼비아,"79,000원
                55,300원"
리사이클 CP쭈리 그린 우먼 쇼츠,로우사이클,"69,000원
                65,550원"
HENRYK HALF PANTS NIGHT GREEN,퍼블리카엑스,"198,000원
                178,200원"
CLGR Jersey Half Pants(Men)_CHB1UPT0120MT,챌린저,"158,000원
                66,000원"
여성 인터로킹 GG 로고 울 모헤어 블렌드 쇼츠 - 카멜:그린:레드 / 748931XKDGL2448,구찌,"2,610,000원
                1,511,000원"
